,count,mean,std,min,25%,50%,75%,max
X,264.0,-8477365.17364234,2104.1875440011568,-8482244.6358223,-8478585.00756247,-8477374.4081001,-8476319.655924829,-8470166.47107124
Y,264.0,5318668.357030543,3051.9424846032657,5310038.97718493,5316577.3395040305,5318884.744954525,5321341.27291122,5324278.52868974
zip,264.0,13205.818181818182,3.2496111070472096,13202.0,13204.0,13205.0,13208.0,13224.0
parcel_id,264.0,22926.76893939394,14309.01276761155,53.0,7854.25,28186.0,34881.25,71219.0
Vacant,0.0,,,,,,,
Latitude,264.0,43.04397613636364,0.020037417437461465,42.9873,43.03025,43.0454,43.061525,43.0808
Longitude,264.0,-76.15346704545455,0.018902238314303214,-76.1973,-76.164425,-76.15355,-76.144075,-76.0888
ObjectId,264.0,132.5,76.3544366752843,1.0,66.75,132.5,198.25,264.0
